By,Against,HomeAway
Sunderland,Brighton,Home
Brighton,Sunderland,Away
Burnley,Bournemouth,Home
Bournemouth,Burnley,Away
Brentford,Wolves,Home
Wolves,Brentford,Away
Arsenal,Everton,Home
Everton,Arsenal,Away
Chelsea,Newcastle,Home
Newcastle,Chelsea,Away
West Ham,Man City,Home
Man City,West Ham,Away
Man Utd,Aston Villa,Home
Aston Villa,Man Utd,Away
Crystal Palace,Leeds,Home
Leeds,Crystal Palace,Away
Nottingham Forest,Fulham,Home
Fulham,Nottingham Forest,Away
Liverpool,Tottenham,Home
Tottenham,Liverpoo;,Away
Wolves,Arsenal,Home
Arsenal,Wolves,Away
Bournemouth,Man Utd,Home
Man Utd,Bournemouth,Away
Brighton,Liverpool,Home
Liverpool,Brighton,Away
Man City,Crystal Palace,Home
Crystal Palace,Man City,Away
Fulham,Burnley,Home
Burnley,Fulham,Away
Everton,Chelsea,Home
Chelsea,Everton,Away
Leeds,Brentford,Home
Brentford,Leeds,Away
Newcastle,Sunderland,Home
Sunderland,Newcastle,Away
Aston Villa,West Ham,Home
West Ham,Aston Villa,Away
Tottenham,Nottingham Forest,Home
Nottingham Forest,Tottenham,Away
West Ham,Wolves,Home
Wolves,West Ham,Away
Arsenal,Bournemouth,Home
Bournemouth,Arsenal,Away
Brentford,Everton,Home
Everton,Brentford,Away
Burnley,Brighton,Home
Brighton,Burnley,Away
Liverpool,Fulham,Home
Fulham,Liverpool,Away
Crystal Palace,Newcastle,Home
Newcastle,Crystal Palace,Away
Sunderland,Tottenham,Home
Tottenham,Sunderland,Away
Nottingham Forest,Aston Villa,Home
Aston Villa,Nottingham Forest,Away
Chelsea,Man City,Home
Man City,Chelsea,Away
Man Utd,Leeds,Home
Leeds,Man Utd,Away
Brentford,Fulham,Home
Fulham,Brentford,Away
Newcastle,Bournemouth,Home
Bournemouth,Newcastle,Away
Leeds,Wolves,Home
Wolves,Leeds,Away
Tottenham,Brighton,Home
Brighton,Tottenham,Away
Chelsea,Man Utd,Home
Man Utd,Chelsea,Away
Nottingham Forest,Burnley,Home
Burnley,Nottingham Forest,Away
Aston Villa,Sunderland,Home
Sunderland,Aston Villa,Away
Everton,Liverpool,Home
Liverpool,Everton,Away
Man City,Arsenal,Home
Arsenal,Man City,Away
Crystal Palace,West Ham,Home
West Ham,Crystal Palace,Away
Brighton,Chelsea,Home
Chelsea,Brighton,Away
Bournemouth,Leeds,Home
Leeds,Bournemouth,Away
Burnley,Man City,Home
Man City,Burnley,Away
Sunderland,Nottingham Forest,Home
Nottingham Forest,Sunderland,Away
Fulham,Aston Villa,Home
Aston Villa,Fulham,Away
Liverpool,Crystal Palace,Home
Crystal Palace,Liverpool,Away
Wolves,Tottenham,Home
Tottenham,Wolves,Away
West Ham,Everton,Home
Everton,West Ham,Away
Arsenal,Newcastle,Home
Newcastle,Arsenal,Away
Man Utd,Brentford,Home
Brentford,Man Utd,Away
Leeds,Burnley,Home
Burnley,Leeds,Away
Newcastle,Brighton,Home
Brighton,Newcastle,Away
Brentford,West Ham,Home
West Ham,Brentford,Away
Wolves,Sunderland,Home
Sunderland,Wolves,Away
Arsenal,Fulham,Home
Fulham,Arsenal,Away
Bournemouth,Crystal Palace,Home
Crystal Palace,Bournemouth,Away
Man Utd,Liverpool,Home
Liverpool,Man Utd,Away
Aston Villa,Tottenham,Home
Tottenham,Aston Villa,Away
Chelsea,Nottingham Forest,Home
Nottingham Forest,Chelsea,Away
Everton,Man City,Home
Man City,Everton,Away
Liverpool,Chelsea,Home
Chelsea,Liverpool,Away
Brighton,Wolves,Home
Wolves,Brighton,Away
Sunderland,Man Utd,Home
Man Utd,Sunderland,Away
Fulham,Bournemouth,Home
Bournemouth,Fulham,Away
Man City,Brentford,Home
Brentford,Man City,Away
Crystal Palace,Everton,Home
Everton,Crystal Palace,Away
Nottingham Forest,Newcastle,Home
Newcastle,Nottingham Forest,Away
Burnley,Aston Villa,Home
Aston Villa,Burnley,Away
West Ham,Arsenal,Home
Arsenal,West Ham,Away
Tottenham,Leeds,Home
Leeds,Tottenham,Away
Aston Villa,Liverpool,Home
Liverpool,Aston Villa,Away
Man Utd,Nottingham Forest,Home
Nottingham Forest,Man Utd,Away
Leeds,Brighton,Home
Brighton,Leeds,Away
Brentford,Crystal Palace,Home
Crystal Palace,Brentford,Away
Wolves,Fulham,Home
Fulham,Wolves,Away
Everton,Sunderland,Home
Sunderland,Everton,Away
Chelsea,Tottenham,Home
Tottenham,Chelsea,Away
Newcastle,West Ham,Home
West Ham,Newcastle,Away
Arsenal,Burnley,Home
Burnley,Arsenal,Away
Bournemouth,Man City,Home
Man City,Bournemouth,Away
Man City,Aston Villa,Home
Aston Villa,Man City,Away
Nottingham Forest,Bournemouth,Home
Bournemouth,Nottingham Forest,Away
Sunderland,Chelsea,Home
Chelsea,Sunderland,Away
Tottenham,Everton,Home
Everton,Tottenham,Away
Fulham,Newcastle,Home
Newcastle,Fulham,Away
West Ham,Leeds,Home
Leeds,West Ham,Away
Burnley,Wolves,Home
Wolves,Burnley,Away
Crystal Palace,Arsenal,Home
Arsenal,Crystal Palace,Away
Liverpool,Brentford,Home
Brentford,Liverpool,Away
Brighton,Man Utd,Home
Man Utd,Brighton,Away
